425,9408,396823,21883938,2659772,0001,AA
425,9408,396824,21883923,2659772,0001,AA
425,9408,396825,21883924,2659772,0001,AA
425,9408,396826,21883934,2659772,0001,AA
425,9408,396827,21883939,2659772,0001,AA
425,9408,396828,21883935,2659772,0001,AA
425,9408,396829,21883899,2659772,0001,AA
425,9408,396830,21883925,2659772,0001,AA
425,9408,396831,21883940,2659772,0001,AA
425,9408,396832,21883900,2659772,0001,AA
425,9408,396833,21883901,2659772,0001,AA
425,9408,396834,21883926,2659772,0001,AA
425,9408,396835,21883902,2659772,0001,AA
425,9408,396836,21883936,2659772,0001,AA
425,9408,396837,21883903,2659772,0001,AA
425,9408,396838,21883941,2659772,0001,AA
425,9408,396839,21883942,2659772,0001,AA
425,9408,396840,21883937,2659772,0001,AA
425,9407,276962,21885055,2658754,0001,AA
425,9407,276963,21885056,2658754,0001,AA
425,9407,276964,21885067,2658754,0001,AA
425,9407,276965,21885068,2658754,0001,AA
425,9407,276966,21885069,2658754,0001,AA
425,9407,276967,21885070,2658754,0001,AA
425,9407,276968,21885071,2658754,0001,AA
425,9407,276969,21885072,2658754,0001,AA
425,9407,276970,21885073,2658754,0001,AA
425,9407,276971,21885074,2658754,0001,AA
425,9407,276972,21885075,2658754,0001,AA
425,9407,276973,21885076,2658754,0001,AA
425,9401,394589,21885241,3591106,0001,AA
425,9401,394590,21885242,3591106,0001,AA
425,9401,394591,21885243,3591106,0001,AA
425,9401,394592,21885244,3591106,0001,AA
425,9401,394593,21885245,3591106,0001,AA
425,9401,394594,21885246,3591106,0001,AA
425,9401,394595,21885247,3591106,0001,AA
425,9401,394596,21885248,3591106,0001,AA
425,9401,394597,21885237,3591106,0001,AA
425,9401,394598,21885249,3591106,0001,AA
425,9401,394599,21885250,3591106,0001,AA
425,9401,394600,21885238,3591106,0001,AA
425,9401,394601,21885239,3591106,0001,AA
425,9401,394602,21885240,3591106,0001,AA
425,9401,394603,21885251,3591106,0001,AA
425,9401,394604,21885252,3591106,0001,AA
425,9401,394605,21885253,3591106,0001,AA
425,9268,243528,21883896,3618810,0001,AA
425,9268,243529,21883970,3618810,0001,AA
425,9268,243530,21883949,3618810,0001,AA
425,9268,243531,21883965,3618810,0001,AA
425,9268,243532,21883966,3618810,0001,AA
425,9268,243533,21883971,3618810,0001,AA
425,9268,243534,21883972,3618810,0001,AA
425,9268,243535,21883950,3618810,0001,AA
425,9268,243536,21884044,3618810,0001,AA
425,9268,243537,21884085,3618810,0001,AA
425,9268,243538,21884086,3618810,0001,AA
425,9268,243539,21884045,3618810,0001,AA
425,9268,243540,21884087,3618810,0001,AA
425,9268,243541,21884021,3618810,0001,AA
425,9268,243542,21884088,3618810,0001,AA
425,9268,243543,21884089,3618810,0001,AA
425,9267,98755,21885188,3549103,0001,AA
425,9267,98756,21885301,3549103,0001,AA
425,9267,98757,21885302,3549103,0001,AA
425,9267,98758,21885303,3549103,0001,AA
425,9267,98759,21885304,3549103,0001,AA
425,9267,98760,21885305,3549103,0001,AA
425,9267,98761,21885306,3549103,0001,AA
425,9267,98762,21885307,3549103,0001,AA
425,9203,215300,21885163,3603919,0001,AA
425,9203,215301,21885164,3603919,0001,AA
425,9203,215302,21885165,3603919,0001,AA
425,9203,215303,21885166,3603919,0001,AA
425,9203,215304,21885167,3603919,0001,AA
425,9203,215305,21885168,3603919,0001,AA
425,9203,215306,21885169,3603919,0001,AA
425,9203,215307,21885170,3603919,0001,AA
425,9203,215308,21885171,3603919,0001,AA
425,9203,215309,21885172,3603919,0001,AA
425,9195,163135,21884632,3555458,0001,AA
425,9195,163136,21884633,3555458,0001,AA
425,9195,163137,21884634,3555458,0001,AA
425,9195,163138,21884630,3555458,0001,AA
425,9195,163139,21884631,3555458,0001,AA
425,9195,163140,21884635,3555458,0001,AA
425,9195,163141,21884627,3555458,0001,AA
425,9195,163142,21884628,3555458,0001,AA
425,9195,163143,21884629,3555458,0001,AA
425,9195,163144,21884626,3555458,0001,AA
425,9190,115834,21884610,193746,0001,AA
425,9190,115835,21884613,193746,0001,AA
425,9190,115836,21884611,193746,0001,AA
425,9190,115837,21884614,193746,0001,AA
425,9190,115838,21884612,193746,0001,AA
425,9190,115839,21884609,193746,0001,AA
425,9188,300926,21884576,3598270,0001,AA
425,9188,300927,21884574,3598270,0001,AA
425,9188,300928,21884580,3598270,0001,AA
425,9188,300929,21884575,3598270,0001,AA
425,9188,300930,21884583,3598270,0001,AA
425,9188,300931,21884577,3598270,0001,AA
425,9188,300932,21884584,3598270,0001,AA
425,9188,300933,21884581,3598270,0001,AA
425,9188,300934,21884585,3598270,0001,AA
425,9188,300935,21884582,3598270,0001,AA
425,9188,300936,21884578,3598270,0001,AA
425,9188,300937,21884579,3598270,0001,AA
425,9186,85415,21884592,3575154,0001,AA
425,9186,85416,21884605,3575154,0001,AA
425,9186,85417,21884600,3575154,0001,AA
425,9186,85418,21884601,3575154,0001,AA
425,9186,85419,21884602,3575154,0001,AA
425,9186,85420,21884606,3575154,0001,AA
425,9186,85421,21885186,3575154,0001,AA
425,9185,399155,21885223,2652422,0001,AA
425,9185,399156,21885224,2652422,0001,AA
425,9185,399157,21885225,2652422,0001,AA
425,9185,399158,21885226,2652422,0001,AA
425,9185,399159,21885227,2652422,0001,AA
425,9185,399160,21885228,2652422,0001,AA
425,9185,399161,21885229,2652422,0001,AA
425,9185,399162,21885230,2652422,0001,AA
425,9185,399163,21885231,2652422,0001,AA
425,9185,399164,21885232,2652422,0001,AA
425,9185,399165,21885233,2652422,0001,AA
425,9185,399166,21885234,2652422,0001,AA
425,9185,399167,21885235,2652422,0001,AA
425,9185,399168,21885236,2652422,0001,AA
425,9181,376067,21884463,3569289,0001,AA
425,9181,376068,21884464,3569289,0001,AA
425,9181,376069,21884465,3569289,0001,AA
425,9181,376070,21884472,3569289,0001,AA
425,9181,376071,21884468,3569289,0001,AA
425,9181,376072,21884469,3569289,0001,AA
425,9181,376073,21884473,3569289,0001,AA
425,9181,376074,21884466,3569289,0001,AA
425,9181,376075,21884467,3569289,0001,AA
425,9181,376076,21884470,3569289,0001,AA
425,9181,376077,21884471,3569289,0001,AA
425,9181,376078,21884476,3569289,0001,AA
425,9181,376079,21884477,3569289,0001,AA
425,9181,376080,21884474,3569289,0001,AA
425,9181,376081,21884475,3569289,0001,AA
425,9181,376082,21884478,3569289,0001,AA
425,9177,325361,21884163,3575578,0001,AA
425,9177,325362,21884164,3575578,0001,AA
425,9177,325363,21884202,3575578,0001,AA
425,9177,325364,21884165,3575578,0001,AA
425,9177,325365,21884203,3575578,0001,AA
425,9177,325366,21884204,3575578,0001,AA
425,9177,325367,21884205,3575578,0001,AA
425,9177,325368,21884206,3575578,0001,AA
425,9177,325369,21884207,3575578,0001,AA
425,9177,325370,21884166,3575578,0001,AA
425,9177,325371,21884208,3575578,0001,AA
425,9177,325372,21884209,3575578,0001,AA
425,9177,325373,21884210,3575578,0001,AA
425,9177,325374,21884211,3575578,0001,AA
425,9172,429223,21883725,2654001,0001,AA
425,9172,429224,21883724,2654001,0001,AA
425,9172,429225,21884070,2654001,0001,AA
425,9172,429226,21884071,2654001,0001,AA
425,9172,429227,21884072,2654001,0001,AA
425,9172,429228,21884073,2654001,0001,AA
425,9172,429229,21884074,2654001,0001,AA
425,9172,429230,21884075,2654001,0001,AA
425,9172,429231,21884076,2654001,0001,AA
425,9172,429232,21884077,2654001,0001,AA
425,9172,429233,21884078,2654001,0001,AA
425,9172,429234,21884079,2654001,0001,AA
425,9172,429235,21884080,2654001,0001,AA
425,9172,429236,21884081,2654001,0001,AA
425,9172,429237,21884082,2654001,0001,AA
425,9172,429238,21884083,2654001,0001,AA
425,9172,429239,21884084,2654001,0001,AA
425,9145,208084,21884055,3553068,0001,AA
425,9145,208085,21884056,3553068,0001,AA
425,9145,208086,21884041,3553068,0001,AA
425,9145,208087,21884057,3553068,0001,AA
425,9145,208088,21884020,3553068,0001,AA
425,9145,208089,21884035,3553068,0001,AA
425,9145,208090,21884042,3553068,0001,AA
425,9145,208091,21884036,3553068,0001,AA
425,9145,208092,21884037,3553068,0001,AA
425,9145,208093,21884043,3553068,0001,AA
425,9145,208094,21884038,3553068,0001,AA
425,9145,208095,21884916,3553068,0001,AA
425,9143,240909,21884615,3629153,0001,AA
425,9143,240910,21884616,3629153,0001,AA
425,9143,240911,21884623,3629153,0001,AA
425,9143,240912,21884621,3629153,0001,AA
425,9143,240913,21884617,3629153,0001,AA
425,9143,240914,21884619,3629153,0001,AA
425,9143,240915,21884620,3629153,0001,AA
425,9143,240916,21884624,3629153,0001,AA
425,9143,240917,21884622,3629153,0001,AA
425,9143,240918,21884625,3629153,0001,AA
425,9143,240919,21884618,3629153,0001,AA
425,9109,304182,21883857,3558741,0001,AA
425,9109,304183,21883849,3558741,0001,AA
425,9109,304184,21883858,3558741,0001,AA
425,9109,304185,21883831,3558741,0001,AA
425,9109,304186,21883859,3558741,0001,AA
425,9109,304187,21883850,3558741,0001,AA
425,9109,304188,21883860,3558741,0001,AA
425,9109,304189,21883851,3558741,0001,AA
425,9109,304190,21883832,3558741,0001,AA
425,9109,304191,21883861,3558741,0001,AA
425,9109,304192,21883852,3558741,0001,AA
425,9109,304193,21883828,3558741,0001,AA
425,9109,304194,21883856,3558741,0001,AA
425,9109,304195,21883833,3558741,0001,AA
425,9109,304196,21883853,3558741,0001,AA
425,9109,304197,21883854,3558741,0001,AA
425,9109,304198,21883855,3558741,0001,AA
425,8126,135742,21885148,3601489,0001,AA
425,8126,135743,21885149,3601489,0001,AA
425,8126,135744,21885150,3601489,0001,AA
425,8126,135745,21885151,3601489,0001,AA
425,8126,135746,21885152,3601489,0001,AA
425,8126,135747,21885153,3601489,0001,AA
425,8126,135748,21885154,3601489,0001,AA
425,8126,135749,21885155,3601489,0001,AA
425,8126,135750,21885156,3601489,0001,AA
425,8126,135751,21885157,3601489,0001,AA
425,8126,135752,21885158,3601489,0001,AA
425,8126,135753,21885159,3601489,0001,AA
425,8122,40485,21885142,2435468,0001,AA
425,8122,40486,21885143,2435468,0001,AA
425,8122,40487,21885144,2435468,0001,AA
425,8122,40488,21885145,2435468,0001,AA
425,8122,40489,21885146,2435468,0001,AA
425,8122,40490,21885147,2435468,0001,AA
425,7431,204947,21884016,3613945,0001,AA
425,7431,204948,21884031,3613945,0001,AA
425,7431,204949,21884017,3613945,0001,AA
425,7431,204950,21884032,3613945,0001,AA
425,7431,204951,21884033,3613945,0001,AA
425,7431,204952,21884018,3613945,0001,AA
425,7431,204953,21884019,3613945,0001,AA
425,7431,204954,21884052,3613945,0001,AA
425,7431,204955,21884034,3613945,0001,AA
425,7431,204956,21884040,3613945,0001,AA
425,7431,204957,21884053,3613945,0001,AA
425,7431,204958,21884054,3613945,0001,AA
425,7429,220622,21883711,2780975,0001,AA
425,7429,220626,21883715,2780975,0001,AA
425,7429,220627,21883710,2780975,0001,AA
425,7429,220628,21883716,2780975,0001,AA
425,7429,220629,21883717,2780975,0001,AA
425,7429,220630,21884142,2780975,0001,AA
425,7429,220631,21884149,2780975,0001,AA
425,7429,220632,21884150,2780975,0001,AA
425,7429,220633,21884151,2780975,0001,AA
425,7429,220634,21884152,2780975,0001,AA
425,7429,220635,21884153,2780975,0001,AA
425,7429,220636,21884154,2780975,0001,AA
425,7428,364401,21884488,3620769,0001,AA
425,7428,364402,21884484,3620769,0001,AA
425,7428,364403,21884485,3620769,0001,AA
425,7428,364404,21884489,3620769,0001,AA
425,7428,364405,21884493,3620769,0001,AA
425,7428,364406,21884490,3620769,0001,AA
425,7428,364407,21884494,3620769,0001,AA
425,7428,364408,21884495,3620769,0001,AA
425,7428,364409,21884486,3620769,0001,AA
425,7428,364410,21884496,3620769,0001,AA
425,7428,364411,21884491,3620769,0001,AA
425,7428,364412,21884492,3620769,0001,AA
425,7428,364413,21884487,3620769,0001,AA
425,7428,364414,21884482,3620769,0001,AA
425,7428,364415,21884483,3620769,0001,AA
425,7428,364416,21884497,3620769,0001,AA
425,7424,245460,21885174,1353853,0001,AA
425,7424,245461,21885175,1353853,0001,AA
425,7424,245462,21885176,1353853,0001,AA
425,7424,245463,21885177,1353853,0001,AA
425,7424,245464,21885178,1353853,0001,AA
425,7424,245465,21885179,1353853,0001,AA
425,7424,245466,21885180,1353853,0001,AA
425,7424,245467,21885181,1353853,0001,AA
425,7424,245468,21885182,1353853,0001,AA
425,7424,245469,21885183,1353853,0001,AA
425,7424,245470,21885184,1353853,0001,AA
425,7424,245471,21885185,1353853,0001,AA
425,7420,287757,21884406,3504906,0001,AA
425,7420,287758,21884407,3504906,0001,AA
425,7420,287759,21884408,3504906,0001,AA
425,7420,287760,21884398,3504906,0001,AA
425,7420,287761,21884399,3504906,0001,AA
425,7420,287762,21884400,3504906,0001,AA
425,7420,287763,21884404,3504906,0001,AA
425,7420,287764,21884409,3504906,0001,AA
425,7420,287765,21884405,3504906,0001,AA
425,7420,287766,21884401,3504906,0001,AA
425,7420,287767,21884410,3504906,0001,AA
425,7420,287768,21884402,3504906,0001,AA
425,7420,287769,21884403,3504906,0001,AA
425,7415,220500,21885308,3539482,0001,AA
425,7413,207170,21884094,3536746,0001,AA
425,7413,207171,21884095,3536746,0001,AA
425,7413,207172,21884132,3536746,0001,AA
425,7413,207173,21884096,3536746,0001,AA
425,7413,207174,21884097,3536746,0001,AA
425,7413,207175,21884098,3536746,0001,AA
425,7413,207176,21884109,3536746,0001,AA
425,7413,207177,21884110,3536746,0001,AA
425,7413,207178,21884133,3536746,0001,AA
425,7413,207179,21884111,3536746,0001,AA
425,7413,207180,21884134,3536746,0001,AA
425,7413,207181,21884135,3536746,0001,AA
425,7411,313714,21883951,3533038,0001,AA
425,7411,313715,21883958,3533038,0001,AA
425,7411,313716,21883959,3533038,0001,AA
425,7411,313717,21883960,3533038,0001,AA
425,7411,313718,21883952,3533038,0001,AA
425,7411,313719,21883953,3533038,0001,AA
425,7411,313720,21883954,3533038,0001,AA
425,7411,313721,21883955,3533038,0001,AA
425,7411,313722,21883961,3533038,0001,AA
425,7411,313723,21883973,3533038,0001,AA
425,7411,313724,21883974,3533038,0001,AA
425,7411,313725,21883956,3533038,0001,AA
425,7411,313726,21883957,3533038,0001,AA
425,7411,313727,21883962,3533038,0001,AA
425,7411,313728,21883963,3533038,0001,AA
425,7411,313729,21883964,3533038,0001,AA
425,7409,131444,21884099,3548133,0001,AA
425,7409,131445,21884100,3548133,0001,AA
425,7409,131446,21884101,3548133,0001,AA
425,7409,131447,21884105,3548133,0001,AA
425,7409,131448,21884106,3548133,0001,AA
425,7409,131449,21884107,3548133,0001,AA
425,7409,131450,21884102,3548133,0001,AA
425,7409,131451,21884108,3548133,0001,AA
425,7408,376301,21884717,3503629,0001,AA
425,7408,376302,21884755,3503629,0001,AA
425,7408,376303,21884651,3503629,0001,AA
425,7408,376304,21884756,3503629,0001,AA
425,7408,376305,21884757,3503629,0001,AA
425,7408,376306,21884682,3503629,0001,AA
425,7408,376307,21884683,3503629,0001,AA
425,7408,376308,21884718,3503629,0001,AA
425,7408,376309,21884684,3503629,0001,AA
425,7408,376310,21884758,3503629,0001,AA
425,7408,376311,21884719,3503629,0001,AA
425,7408,376312,21884759,3503629,0001,AA
425,7408,376313,21884720,3503629,0001,AA
425,7408,376314,21884685,3503629,0001,AA
425,7408,376315,21884760,3503629,0001,AA
425,7408,376316,21884721,3503629,0001,AA
425,7408,376317,21884722,3503629,0001,AA
425,7408,376318,21884761,3503629,0001,AA
425,7408,376319,21884762,3503629,0001,AA
425,7407,257936,21885288,2494089,0001,AA
425,7407,257937,21885296,2494089,0001,AA
425,7407,257938,21885297,2494089,0001,AA
425,7407,257939,21885289,2494089,0001,AA
425,7407,257940,21885298,2494089,0001,AA
425,7407,257941,21885290,2494089,0001,AA
425,7407,257942,21885291,2494089,0001,AA
425,7407,257943,21885292,2494089,0001,AA
425,7407,257944,21885293,2494089,0001,AA
425,7407,257945,21885294,2494089,0001,AA
425,7407,257946,21885295,2494089,0001,AA
425,7407,257947,21885299,2494089,0001,AA
425,7407,257948,21885300,2494089,0001,AA
425,7406,222547,21883904,3493880,0001,AA
425,7406,222548,21883905,3493880,0001,AA
425,7406,222549,21883916,3493880,0001,AA
425,7406,222550,21883894,3493880,0001,AA
425,7406,222551,21883885,3493880,0001,AA
425,7406,222552,21883917,3493880,0001,AA
425,7406,222553,21883886,3493880,0001,AA
425,7406,222554,21883895,3493880,0001,AA
425,7406,222555,21883927,3493880,0001,AA
425,7406,222556,21883906,3493880,0001,AA
425,7405,286909,21884874,3544782,0001,AA
425,7405,286910,21884870,3544782,0001,AA
425,7405,286911,21884863,3544782,0001,AA
425,7405,286912,21884867,3544782,0001,AA
425,7405,286913,21884864,3544782,0001,AA
425,7405,286914,21884871,3544782,0001,AA
425,7405,286915,21884875,3544782,0001,AA
425,7405,286916,21884865,3544782,0001,AA
425,7405,286917,21884868,3544782,0001,AA
425,7405,286918,21884866,3544782,0001,AA
425,7405,286919,21884876,3544782,0001,AA
425,7405,286920,21884869,3544782,0001,AA
425,7405,286921,21884873,3544782,0001,AA
425,7405,286922,21884872,3544782,0001,AA
425,7404,269970,21884434,3554679,0001,AA
425,7404,269971,21884435,3554679,0001,AA
425,7404,269972,21884437,3554679,0001,AA
425,7404,269973,21884438,3554679,0001,AA
425,7404,269974,21884442,3554679,0001,AA
425,7404,269975,21884439,3554679,0001,AA
425,7404,269976,21884443,3554679,0001,AA
425,7404,269977,21884444,3554679,0001,AA
425,7404,269978,21884436,3554679,0001,AA
425,7404,269979,21884445,3554679,0001,AA
425,7404,269980,21884440,3554679,0001,AA
425,7404,269981,21884441,3554679,0001,AA
425,7403,146016,21843199,2635565,0001,AA
425,7403,146017,21842884,2635565,0001,AA
425,7403,146018,21843200,2635565,0001,AA
425,7403,146019,21843201,2635565,0001,AA
425,7403,146020,21842885,2635565,0001,AA
425,7403,146021,21843202,2635565,0001,AA
425,7403,146022,21843345,2635565,0001,AA
425,7403,146023,21884861,2635565,0001,AA
425,7402,339182,21883650,3521014,0001,AA
425,7402,339183,21883641,3521014,0001,AA
425,7402,339184,21883655,3521014,0001,AA
425,7402,339185,21884340,3521014,0001,AA
425,7402,339186,21884344,3521014,0001,AA
425,7402,339187,21883658,3521014,0001,AA
425,7402,339188,21883654,3521014,0001,AA
425,7402,339189,21883643,3521014,0001,AA
425,7402,339190,21883659,3521014,0001,AA
425,7402,339191,21883651,3521014,0001,AA
425,7402,339192,21883648,3521014,0001,AA
425,7402,339193,21883660,3521014,0001,AA
425,7402,339194,21884334,3521014,0001,AA
425,7402,339195,21884339,3521014,0001,AA
425,7400,218469,21885028,3516707,0001,AA
425,7400,218470,21885029,3516707,0001,AA
425,7400,218471,21885030,3516707,0001,AA
425,7400,218472,21885031,3516707,0001,AA
425,7400,218473,21885032,3516707,0001,AA
425,7400,218474,21885033,3516707,0001,AA
425,7400,218475,21885034,3516707,0001,AA
425,7400,218476,21885035,3516707,0001,AA
425,7400,218477,21885036,3516707,0001,AA
425,7400,218478,21885037,3516707,0001,AA
425,7400,218479,21885038,3516707,0001,AA
425,7400,218480,21885039,3516707,0001,AA
425,7297,66928,21883882,3523345,0001,AA
425,7297,66929,21884005,3523345,0001,AA
425,7297,66930,21883997,3523345,0001,AA
425,7297,66931,21883977,3523345,0001,AA
425,7297,66932,21883978,3523345,0001,AA
425,7297,66933,21883987,3523345,0001,AA
425,7297,66934,21884006,3523345,0001,AA
425,7290,140106,21884003,3531376,0001,AA
425,7290,140107,21884008,3531376,0001,AA
425,7290,140108,21884022,3531376,0001,AA
425,7290,140109,21883989,3531376,0001,AA
425,7290,140110,21884009,3531376,0001,AA
425,7290,140111,21884010,3531376,0001,AA
425,7290,140112,21883982,3531376,0001,AA
425,7290,140113,21883990,3531376,0001,AA
425,7290,140114,21884023,3531376,0001,AA
425,7290,140115,21883983,3531376,0001,AA
425,7289,172931,21884144,3544912,0001,AA
425,7289,172932,21884136,3544912,0001,AA
425,7289,172933,21884138,3544912,0001,AA
425,7289,172934,21884145,3544912,0001,AA
425,7289,172935,21884139,3544912,0001,AA
425,7289,172936,21884143,3544912,0001,AA
425,7289,172937,21884140,3544912,0001,AA
425,7289,172938,21884146,3544912,0001,AA
425,7289,172939,21884147,3544912,0001,AA
425,7289,172940,21884141,3544912,0001,AA
425,7288,101373,21884792,3535954,0001,AA
425,7288,101374,21884789,3535954,0001,AA
425,7288,101375,21884790,3535954,0001,AA
425,7288,101376,21884793,3535954,0001,AA
425,7288,101377,21884791,3535954,0001,AA
425,7288,101378,21884794,3535954,0001,AA
425,7288,101380,21884795,3535954,0001,AA
425,7286,124099,21884879,3553885,0001,AA
425,7286,124100,21884880,3553885,0001,AA
425,7286,124101,21884881,3553885,0001,AA
425,7286,124102,21884884,3553885,0001,AA
425,7286,124103,21884882,3553885,0001,AA
425,7286,124104,21884885,3553885,0001,AA
425,7286,124105,21884883,3553885,0001,AA
425,7285,138629,21884429,3506991,0001,AA
425,7285,138630,21884423,3506991,0001,AA
425,7285,138631,21884424,3506991,0001,AA
425,7285,138632,21884425,3506991,0001,AA
425,7285,138633,21884433,3506991,0001,AA
425,7285,138634,21884426,3506991,0001,AA
425,7285,138635,21884428,3506991,0001,AA
425,7285,138636,21884413,3506991,0001,AA
425,7283,99156,21884541,3557644,0001,AA
425,7283,99157,21884544,3557644,0001,AA
425,7283,99158,21884545,3557644,0001,AA
425,7283,99159,21884542,3557644,0001,AA
425,7283,99160,21884546,3557644,0001,AA
425,7283,99161,21884543,3557644,0001,AA
425,7274,107103,21884809,3497525,0001,AA
425,7274,107104,21884807,3497525,0001,AA
425,7274,107105,21884810,3497525,0001,AA
425,7274,107106,21884812,3497525,0001,AA
425,7274,107107,21884811,3497525,0001,AA
425,7274,107108,21884808,3497525,0001,AA
425,7273,182117,21884511,2618923,0001,AA
425,7273,182118,21884513,2618923,0001,AA
425,7273,182119,21884518,2618923,0001,AA
425,7273,182120,21884516,2618923,0001,AA
425,7273,182121,21884519,2618923,0001,AA
425,7273,182122,21884514,2618923,0001,AA
425,7273,182124,21884512,2618923,0001,AA
425,7273,182125,21884520,2618923,0001,AA
425,7273,182126,21884521,2618923,0001,AA
425,7273,182127,21884515,2618923,0001,AA
425,7273,182128,21884522,2618923,0001,AA
425,7273,182129,21885173,2618923,0001,AA
425,7272,178410,21884011,2608938,0001,AA
425,7272,178411,21884046,2608938,0001,AA
425,7272,178412,21884047,2608938,0001,AA
425,7272,178413,21884024,2608938,0001,AA
425,7272,178414,21884025,2608938,0001,AA
425,7272,178415,21883991,2608938,0001,AA
425,7272,178416,21884026,2608938,0001,AA
425,7272,178417,21884048,2608938,0001,AA
425,7272,178418,21884027,2608938,0001,AA
425,7272,178419,21884012,2608938,0001,AA
425,7271,108666,21885048,3501988,0001,AA
425,7271,108667,21885049,3501988,0001,AA
425,7271,108668,21885050,3501988,0001,AA
425,7271,108669,21885051,3501988,0001,AA
425,7271,108670,21885052,3501988,0001,AA
425,7271,108671,21885053,3501988,0001,AA
425,7271,108672,21885054,3501988,0001,AA
425,7270,120973,21884499,3538817,0001,AA
425,7270,120974,21884500,3538817,0001,AA
425,7270,120975,21884498,3538817,0001,AA
425,7270,120976,21884502,3538817,0001,AA
425,7270,120977,21884503,3538817,0001,AA
425,7270,120978,21884504,3538817,0001,AA
425,7270,120979,21884501,3538817,0001,AA
425,7269,164620,21883866,3506843,0001,AA
425,7269,164621,21883883,3506843,0001,AA
425,7269,164622,21883874,3506843,0001,AA
425,7269,164623,21883867,3506843,0001,AA
425,7269,164624,21883891,3506843,0001,AA
425,7269,164625,21883892,3506843,0001,AA
425,7269,164626,21883884,3506843,0001,AA
425,7269,164627,21883875,3506843,0001,AA
425,7269,164628,21883893,3506843,0001,AA
425,7268,198808,21884028,2608366,0001,AA
425,7268,198809,21884039,2608366,0001,AA
425,7268,198810,21884029,2608366,0001,AA
425,7268,198811,21884030,2608366,0001,AA
425,7268,198812,21884013,2608366,0001,AA
425,7268,198813,21884014,2608366,0001,AA
425,7268,198814,21884049,2608366,0001,AA
425,7268,198815,21884050,2608366,0001,AA
425,7268,198816,21884015,2608366,0001,AA
425,7268,198817,21884051,2608366,0001,AA
425,7267,96013,21884568,3506735,0001,AA
425,7267,96019,21884572,3506735,0001,AA
425,7267,96020,21884569,3506735,0001,AA
425,7267,96021,21884571,3506735,0001,AA
425,7267,96022,21884573,3506735,0001,AA
425,7267,96023,21884570,3506735,0001,AA
425,7266,177083,21884461,3501345,0001,AA
425,7266,177084,21884451,3501345,0001,AA
425,7266,177085,21884446,3501345,0001,AA
425,7266,177086,21884447,3501345,0001,AA
425,7266,177087,21884452,3501345,0001,AA
425,7266,177088,21884455,3501345,0001,AA
425,7266,177089,21884453,3501345,0001,AA
425,7265,123407,21885189,3495943,0001,AA
425,7265,123408,21885190,3495943,0001,AA
425,7265,123409,21885191,3495943,0001,AA
425,7265,123410,21885192,3495943,0001,AA
425,7265,123411,21885193,3495943,0001,AA
425,7265,123412,21885194,3495943,0001,AA
425,7265,123413,21885195,3495943,0001,AA
425,7264,110707,21885115,3539510,0001,AA
425,7264,110708,21885116,3539510,0001,AA
425,7264,110709,21885117,3539510,0001,AA
425,7264,110710,21885118,3539510,0001,AA
425,7264,110711,21885119,3539510,0001,AA
425,7264,110712,21885120,3539510,0001,AA
425,7264,110713,21885121,3539510,0001,AA
425,7263,209254,21885104,3410320,0001,AA
425,7263,209255,21885105,3410320,0001,AA
425,7263,209256,21885106,3410320,0001,AA
425,7263,209257,21885107,3410320,0001,AA
425,7263,209258,21885108,3410320,0001,AA
425,7263,209259,21885109,3410320,0001,AA
425,7263,209260,21885110,3410320,0001,AA
425,7263,209261,21885111,3410320,0001,AA
425,7263,209262,21885112,3410320,0001,AA
425,7263,209263,21885113,3410320,0001,AA
425,7263,209264,21885114,3410320,0001,AA
425,7262,125278,21882694,3546939,0001,AA
425,7262,125279,21882714,3546939,0001,AA
425,7262,125280,21883943,3546939,0001,AA
425,7262,125281,21883948,3546939,0001,AA
425,7262,125282,21883969,3546939,0001,AA
425,7262,125283,21883946,3546939,0001,AA
425,7262,125284,21883944,3546939,0001,AA
425,7260,429781,21884112,3522140,0001,AA
425,7260,429782,21884113,3522140,0001,AA
425,7260,429783,21884114,3522140,0001,AA
425,7260,429784,21884115,3522140,0001,AA
425,7260,429785,21884116,3522140,0001,AA
425,7260,429786,21884117,3522140,0001,AA
425,7260,429787,21884118,3522140,0001,AA
425,7260,429788,21884119,3522140,0001,AA
425,7260,429789,21884120,3522140,0001,AA
425,7260,429790,21884121,3522140,0001,AA
425,7260,429791,21884122,3522140,0001,AA
425,7260,429792,21884123,3522140,0001,AA
425,7260,429793,21884124,3522140,0001,AA
425,7260,429794,21884125,3522140,0001,AA
425,7260,429795,21884126,3522140,0001,AA
425,7260,429796,21884127,3522140,0001,AA
425,7260,429797,21884128,3522140,0001,AA
425,7260,429798,21884129,3522140,0001,AA
425,7260,429799,21884130,3522140,0001,AA
425,7260,429800,21884131,3522140,0001,AA
425,7259,217418,21885127,3414546,0001,AA
425,7259,217419,21885128,3414546,0001,AA
425,7259,217420,21885129,3414546,0001,AA
425,7259,217421,21885130,3414546,0001,AA
425,7259,217422,21885131,3414546,0001,AA
425,7259,217423,21885132,3414546,0001,AA
425,7259,217424,21885133,3414546,0001,AA
425,7259,217425,21885134,3414546,0001,AA
425,7259,217426,21885135,3414546,0001,AA
425,7259,217427,21885136,3414546,0001,AA
425,7253,358402,21884927,3559358,0001,AA
425,7249,248247,21884853,3496501,0001,AA
425,7249,248248,21884848,3496501,0001,AA
425,7249,248249,21884854,3496501,0001,AA
425,7249,248250,21884849,3496501,0001,AA
425,7249,248251,21884855,3496501,0001,AA
425,7249,248252,21884846,3496501,0001,AA
425,7249,248253,21884847,3496501,0001,AA
425,7249,248254,21884851,3496501,0001,AA
425,7249,248255,21884856,3496501,0001,AA
425,7249,248256,21884852,3496501,0001,AA
425,7249,248257,21884850,3496501,0001,AA
425,7249,248258,21884857,3496501,0001,AA
425,7241,216297,21884886,195105,0001,AA
425,7241,216298,21884893,195105,0001,AA
425,7241,216299,21884894,195105,0001,AA
425,7241,216300,21884891,195105,0001,AA
425,7241,216301,21884889,195105,0001,AA
425,7241,216302,21884895,195105,0001,AA
425,7241,216303,21884890,195105,0001,AA
425,7241,216304,21884887,195105,0001,AA
425,7241,216305,21884888,195105,0001,AA
425,7241,216306,21884892,195105,0001,AA
425,7241,216307,21884896,195105,0001,AA
425,7240,233886,21884796,3534220,0001,AA
425,7240,233887,21884805,3534220,0001,AA
425,7240,233888,21884806,3534220,0001,AA
425,7240,233889,21884802,3534220,0001,AA
425,7240,233890,21884797,3534220,0001,AA
425,7240,233891,21884798,3534220,0001,AA
425,7240,233892,21884803,3534220,0001,AA
425,7240,233893,21884799,3534220,0001,AA
425,7240,233894,21884800,3534220,0001,AA
425,7240,233895,21884801,3534220,0001,AA
425,7240,233896,21884804,3534220,0001,AA
425,7206,111493,21884650,3539848,0001,AA
425,7206,111494,21884649,3539848,0001,AA
425,7206,111495,21884643,3539848,0001,AA
425,7206,111496,21884644,3539848,0001,AA
425,7206,111497,21884638,3539848,0001,AA
425,7206,111498,21884645,3539848,0001,AA
425,7206,111499,21884646,3539848,0001,AA
425,7199,286750,21885260,3512286,0001,AA
425,7199,286751,21885266,3512286,0001,AA
425,7199,286752,21885267,3512286,0001,AA
425,7199,286753,21885268,3512286,0001,AA
425,7199,286754,21885269,3512286,0001,AA
425,7199,286755,21885270,3512286,0001,AA
425,7199,286756,21885271,3512286,0001,AA
425,7199,286757,21885272,3512286,0001,AA
425,7199,286758,21885273,3512286,0001,AA
425,7199,286759,21885274,3512286,0001,AA
425,7199,286760,21885275,3512286,0001,AA
425,7199,286761,21885276,3512286,0001,AA
425,7123,280281,21883907,3522906,0001,AA
425,7123,280282,21883928,3522906,0001,AA
425,7123,280283,21883897,3522906,0001,AA
425,7123,280284,21883908,3522906,0001,AA
425,7123,280285,21883898,3522906,0001,AA
425,7123,280286,21883929,3522906,0001,AA
425,7123,280287,21883918,3522906,0001,AA
425,7123,280288,21883919,3522906,0001,AA
425,7123,280289,21883930,3522906,0001,AA
425,7123,280290,21883909,3522906,0001,AA
425,7123,280291,21883931,3522906,0001,AA
425,7123,280292,21883932,3522906,0001,AA
425,7123,280293,21883933,3522906,0001,AA
425,7123,280294,21883910,3522906,0001,AA
425,7123,280295,21883911,3522906,0001,AA
425,7123,280296,21883912,3522906,0001,AA
425,7123,280297,21883920,3522906,0001,AA
425,7123,280298,21883913,3522906,0001,AA
425,7123,280299,21883914,3522906,0001,AA
425,7123,280300,21883921,3522906,0001,AA
425,7123,280301,21883922,3522906,0001,AA
425,7123,280302,21883915,3522906,0001,AA
425,7122,197131,21883607,3530989,0001,AA
425,7122,197132,21883601,3530989,0001,AA
425,7122,197133,21883604,3530989,0001,AA
425,7122,197134,21883608,3530989,0001,AA
425,7122,197135,21883610,3530989,0001,AA
425,7122,197136,21883605,3530989,0001,AA
425,7122,197137,21884537,3530989,0001,AA
425,7122,197138,21884530,3530989,0001,AA
425,7122,197139,21884533,3530989,0001,AA
425,7122,197140,21884534,3530989,0001,AA
425,7122,197141,21884532,3530989,0001,AA
425,7122,197142,21884531,3530989,0001,AA
425,7122,197143,21884538,3530989,0001,AA
425,7122,197144,21884540,3530989,0001,AA
425,7122,197145,21884535,3530989,0001,AA
425,7122,197146,21884539,3530989,0001,AA
425,7117,71291,21884816,2635657,0001,AA
425,7117,71292,21884817,2635657,0001,AA
425,7117,71293,21884813,2635657,0001,AA
425,7117,71294,21884818,2635657,0001,AA
425,7117,71295,21884819,2635657,0001,AA
425,7117,71296,21884814,2635657,0001,AA
425,7117,71297,21884820,2635657,0001,AA
425,7117,71298,21884815,2635657,0001,AA
425,7115,169574,21879127,3539098,0001,AA
425,7115,169575,21879271,3539098,0001,AA
425,7115,169576,21879612,3539098,0001,AA
425,7115,169577,21879166,3539098,0001,AA
425,7115,169578,21879277,3539098,0001,AA
425,7115,169579,21879616,3539098,0001,AA
425,7115,169580,21879179,3539098,0001,AA
425,7115,169581,21879298,3539098,0001,AA
425,7115,169582,21879604,3539098,0001,AA
425,7112,160089,21884915,1976877,0001,AA
425,7112,160090,21884910,1976877,0001,AA
425,7112,160091,21884911,1976877,0001,AA
425,7112,160092,21884913,1976877,0001,AA
425,7112,160093,21884905,1976877,0001,AA
425,7112,160094,21884912,1976877,0001,AA
425,7112,160095,21884914,1976877,0001,AA
425,7112,160096,21884906,1976877,0001,AA
425,7112,160097,21884907,1976877,0001,AA
425,7112,160098,21884908,1976877,0001,AA
425,7112,160099,21884909,1976877,0001,AA
425,6161,68879,21884947,3624394,0001,AA
425,6161,68880,21884948,3624394,0001,AA
425,6161,68881,21884949,3624394,0001,AA
425,6161,68882,21884950,3624394,0001,AA
425,6161,68883,21884951,3624394,0001,AA
425,6161,68884,21884952,3624394,0001,AA
425,6161,68885,21884953,3624394,0001,AA
425,6161,68886,21884954,3624394,0001,AA
425,6160,37411,21884786,3625887,0001,AA
425,6160,37412,21884787,3625887,0001,AA
425,6160,37413,21884788,3625887,0001,AA
425,6160,37414,21884784,3625887,0001,AA
425,6160,37415,21884785,3625887,0001,AA
425,6112,38410,21884564,3591397,0001,AA
425,6112,38411,21884565,3591397,0001,AA
425,6112,38412,21884554,3591397,0001,AA
425,6112,38413,21884566,3591397,0001,AA
425,6112,38414,21884560,3591397,0001,AA
425,6111,92645,21883571,2596548,0001,AA
425,6111,92646,21884558,2596548,0001,AA
425,6111,92647,21884561,2596548,0001,AA
425,6111,92648,21884555,2596548,0001,AA
425,6111,92649,21884556,2596548,0001,AA
425,6111,92650,21884567,2596548,0001,AA
425,6111,92651,21884559,2596548,0001,AA
425,6111,92652,21884562,2596548,0001,AA
425,6111,92653,21884557,2596548,0001,AA
425,6111,92654,21884563,2596548,0001,AA
425,6109,68261,21885077,3598100,0001,AA
425,6109,68262,21885078,3598100,0001,AA
425,6109,68263,21885079,3598100,0001,AA
425,6109,68264,21885080,3598100,0001,AA
425,6109,68265,21885081,3598100,0001,AA
425,6109,68266,21885082,3598100,0001,AA
425,6109,68267,21885083,3598100,0001,AA
425,6109,68268,21885084,3598100,0001,AA
425,6107,91031,21883890,3598155,0001,AA
425,5145,130858,21884837,3591022,0001,AA
425,5145,130859,21884841,3591022,0001,AA
425,5145,130860,21884838,3591022,0001,AA
425,5145,130861,21884844,3591022,0001,AA
425,5145,130862,21884834,3591022,0001,AA
425,5145,130863,21884842,3591022,0001,AA
425,5145,130864,21884839,3591022,0001,AA
425,5145,130865,21884840,3591022,0001,AA
425,5145,130866,21884835,3591022,0001,AA
425,5145,130867,21884845,3591022,0001,AA
425,5145,130868,21884836,3591022,0001,AA
425,5145,130869,21884843,3591022,0001,AA
425,5143,74307,21883873,3614085,0001,AA
425,5143,74308,21884523,3614085,0001,AA
425,5143,74309,21884527,3614085,0001,AA
425,5143,74310,21884528,3614085,0001,AA
425,5143,74311,21884524,3614085,0001,AA
425,5143,74312,21884529,3614085,0001,AA
425,5143,74313,21884526,3614085,0001,AA
425,5143,74314,21884525,3614085,0001,AA
425,5141,15496,21885160,2592225,0001,AA
425,5141,15497,21885161,2592225,0001,AA
425,5141,15498,21885162,2592225,0001,AA
425,5140,58127,21883881,3579621,0001,AA
425,5140,58128,21883869,3579621,0001,AA
425,5140,58129,21883887,3579621,0001,AA
425,5140,58130,21883888,3579621,0001,AA
425,5140,58131,21883870,3579621,0001,AA
425,5140,58132,21883871,3579621,0001,AA
425,5140,58133,21883872,3579621,0001,AA
425,5134,36684,21885137,3584845,0001,AA
425,5134,36685,21885138,3584845,0001,AA
425,5134,36686,21885139,3584845,0001,AA
425,5134,36687,21885140,3584845,0001,AA
425,5134,36688,21885141,3584845,0001,AA
425,5133,4680,21848974,3627503,0001,AA
425,5119,56351,21883792,3615750,0001,AA
425,5119,56352,21884862,3615750,0001,AA
425,5119,56353,21883788,3615750,0001,AA
425,5119,56354,21883789,3615750,0001,AA
425,5119,56355,21884859,3615750,0001,AA
425,5119,56356,21884858,3615750,0001,AA
425,5119,56358,21884878,3615750,0001,AA
425,5114,53162,21884536,3563309,0001,AA
425,5114,53163,21884547,3563309,0001,AA
425,5114,53164,21884550,3563309,0001,AA
425,5114,53166,21884549,3563309,0001,AA
425,5114,53167,21884551,3563309,0001,AA
425,5114,53168,21884552,3563309,0001,AA
425,5114,53169,21884877,3563309,0001,AA
425,4403,222751,21884977,2579450,0001,AA
425,4403,222752,21884978,2579450,0001,AA
425,4403,222753,21884979,2579450,0001,AA
425,4403,222754,21884980,2579450,0001,AA
425,4403,222755,21884981,2579450,0001,AA
425,4403,222756,21884982,2579450,0001,AA
425,4403,222757,21884983,2579450,0001,AA
425,4403,222758,21884984,2579450,0001,AA
425,4403,222759,21884985,2579450,0001,AA
425,4403,222760,21884986,2579450,0001,AA
425,4403,222761,21884987,2579450,0001,AA
425,4403,222762,21884988,2579450,0001,AA
425,4403,222763,21884989,2579450,0001,AA
425,4403,222764,21884990,2579450,0001,AA
425,4403,222765,21884991,2579450,0001,AA
425,4113,93062,21883845,3481784,0001,AA
425,4113,93063,21883824,3481784,0001,AA
425,4113,93064,21883846,3481784,0001,AA
425,4113,93065,21883847,3481784,0001,AA
425,4113,93066,21883848,3481784,0001,AA
425,4113,93067,21883825,3481784,0001,AA
425,4112,107756,21883427,3621051,0001,AA
425,4112,107757,21883419,3621051,0001,AA
425,4112,107758,21883415,3621051,0001,AA
425,4112,107759,21883429,3621051,0001,AA
425,4112,107760,21883430,3621051,0001,AA
425,4112,107761,21883421,3621051,0001,AA
425,4108,182798,21884456,2458091,0001,AA
425,4108,182799,21884457,2458091,0001,AA
425,4108,182800,21884448,2458091,0001,AA
425,4108,182801,21884458,2458091,0001,AA
425,4108,182802,21884449,2458091,0001,AA
425,4108,182803,21884462,2458091,0001,AA
425,4108,182804,21884454,2458091,0001,AA
425,4108,182805,21884450,2458091,0001,AA
425,4108,182806,21884459,2458091,0001,AA
425,4108,182807,21884460,2458091,0001,AA
425,3409,172097,21884257,3457413,0001,AA
425,3409,172098,21884258,3457413,0001,AA
425,3409,172099,21884273,3457413,0001,AA
425,3409,172100,21884261,3457413,0001,AA
425,3409,172101,21884274,3457413,0001,AA
425,3409,172102,21884259,3457413,0001,AA
425,3409,172103,21884260,3457413,0001,AA
425,3409,172104,21884275,3457413,0001,AA
425,3409,172105,21884262,3457413,0001,AA
425,3409,172106,21884256,3457413,0001,AA
425,3401,382501,21885011,3485869,0001,AA
425,3401,382502,21885012,3485869,0001,AA
425,3401,382503,21885013,3485869,0001,AA
425,3401,382504,21885014,3485869,0001,AA
425,3401,382505,21885015,3485869,0001,AA
425,3401,382506,21885016,3485869,0001,AA
425,3401,382507,21885017,3485869,0001,AA
425,3401,382508,21885018,3485869,0001,AA
425,3401,382509,21885019,3485869,0001,AA
425,3401,382510,21885020,3485869,0001,AA
425,3401,382511,21885021,3485869,0001,AA
425,3401,382512,21885022,3485869,0001,AA
425,3401,382513,21885023,3485869,0001,AA
425,3401,382514,21885024,3485869,0001,AA
425,3401,382515,21885025,3485869,0001,AA
425,3401,382516,21885026,3485869,0001,AA
425,3401,382517,21885027,3485869,0001,AA
425,3150,86318,21884992,3447005,0001,AA
425,3150,86319,21884993,3447005,0001,AA
425,3150,86320,21884994,3447005,0001,AA
425,3150,86321,21884995,3447005,0001,AA
425,3150,86322,21884996,3447005,0001,AA
425,3150,86323,21884997,3447005,0001,AA
425,3150,86324,21884998,3447005,0001,AA
425,3149,101978,21884955,3492323,0001,AA
425,3149,101979,21884956,3492323,0001,AA
425,3149,101980,21884959,3492323,0001,AA
425,3149,101981,21884960,3492323,0001,AA
425,3149,101982,21884961,3492323,0001,AA
425,3149,101983,21884962,3492323,0001,AA
425,3149,101984,21884963,3492323,0001,AA
425,3149,101985,21884964,3492323,0001,AA
425,3149,101986,21884965,3492323,0001,AA
425,3149,101987,21884957,3492323,0001,AA
425,3149,101988,21884958,3492323,0001,AA
425,3146,190347,21884345,3476909,0001,AA
425,3146,190348,21884346,3476909,0001,AA
425,3146,190349,21884359,3476909,0001,AA
425,3146,190350,21884349,3476909,0001,AA
425,3146,190351,21884360,3476909,0001,AA
425,3146,190352,21884350,3476909,0001,AA
425,3146,190353,21884347,3476909,0001,AA
425,3146,190354,21884348,3476909,0001,AA
425,3146,190355,21884361,3476909,0001,AA
425,3146,190356,21884351,3476909,0001,AA
425,3144,390444,21884058,3482195,0001,AA
425,3144,390445,21884059,3482195,0001,AA
425,3144,390446,21884060,3482195,0001,AA
425,3144,390447,21884061,3482195,0001,AA
425,3144,390448,21884062,3482195,0001,AA
425,3144,390449,21884063,3482195,0001,AA
425,3144,390450,21884064,3482195,0001,AA
425,3144,390451,21884065,3482195,0001,AA
425,3144,390452,21884066,3482195,0001,AA
425,3144,390453,21884067,3482195,0001,AA
425,3144,390454,21884068,3482195,0001,AA
425,3144,390455,21884069,3482195,0001,AA
425,3143,324819,21884226,3487289,0001,AA
425,3143,324820,21884227,3487289,0001,AA
425,3143,324821,21884228,3487289,0001,AA
425,3143,324822,21884229,3487289,0001,AA
425,3143,324823,21884230,3487289,0001,AA
425,3143,324824,21884231,3487289,0001,AA
425,3143,324825,21884232,3487289,0001,AA
425,3143,324826,21884233,3487289,0001,AA
425,3143,324827,21884234,3487289,0001,AA
425,3143,324828,21884235,3487289,0001,AA
425,3143,324829,21884236,3487289,0001,AA
425,3143,324830,21884237,3487289,0001,AA
425,3143,324831,21884238,3487289,0001,AA
425,3142,330846,21884384,3441978,0001,AA
425,3142,330847,21884389,3441978,0001,AA
425,3142,330848,21884387,3441978,0001,AA
425,3142,330849,21884390,3441978,0001,AA
425,3142,330850,21884391,3441978,0001,AA
425,3142,330851,21884392,3441978,0001,AA
425,3142,330852,21884393,3441978,0001,AA
425,3142,330853,21884385,3441978,0001,AA
425,3142,330854,21884394,3441978,0001,AA
425,3142,330855,21884395,3441978,0001,AA
425,3142,330856,21884388,3441978,0001,AA
425,3142,330857,21884386,3441978,0001,AA
425,3142,330858,21884396,3441978,0001,AA
425,3142,330859,21884397,3441978,0001,AA
425,3140,190604,21884917,3478306,0001,AA
425,3140,190605,21884924,3478306,0001,AA
425,3140,190606,21884922,3478306,0001,AA
425,3140,190607,21884925,3478306,0001,AA
425,3140,190608,21884918,3478306,0001,AA
425,3140,190609,21884920,3478306,0001,AA
425,3140,190610,21884921,3478306,0001,AA
425,3140,190611,21884926,3478306,0001,AA
425,3140,190612,21884919,3478306,0001,AA
425,3140,190613,21884923,3478306,0001,AA
425,3134,101496,21884505,3472176,0001,AA
425,3134,101497,21884506,3472176,0001,AA
425,3134,101498,21884509,3472176,0001,AA
425,3134,101499,21884508,3472176,0001,AA
425,3134,101500,21884507,3472176,0001,AA
425,3134,101501,21884510,3472176,0001,AA
425,3132,167832,21884966,3476687,0001,AA
425,3132,167833,21884967,3476687,0001,AA
425,3132,167834,21884968,3476687,0001,AA
425,3132,167835,21884969,3476687,0001,AA
425,3132,167836,21884970,3476687,0001,AA
425,3132,167837,21884971,3476687,0001,AA
425,3132,167838,21884972,3476687,0001,AA
425,3132,167839,21884973,3476687,0001,AA
425,3132,167840,21884974,3476687,0001,AA
425,3132,167841,21884975,3476687,0001,AA
425,3132,167842,21884976,3476687,0001,AA
425,3101,173028,21885057,195662,0001,AA
425,3101,173029,21885058,195662,0001,AA
425,3101,173030,21885059,195662,0001,AA
425,3101,173031,21885060,195662,0001,AA
425,3101,173032,21885061,195662,0001,AA
425,3101,173033,21885062,195662,0001,AA
425,3101,173034,21885063,195662,0001,AA
425,3101,173035,21885064,195662,0001,AA
425,3101,173036,21885065,195662,0001,AA
425,3101,173037,21885066,195662,0001,AA
425,2403,98649,21885254,3493933,0001,AA
425,2403,98650,21885255,3493933,0001,AA
425,2403,98651,21885256,3493933,0001,AA
425,2403,98652,21885257,3493933,0001,AA
425,2403,98653,21885258,3493933,0001,AA
425,2403,98654,21885259,3493933,0001,AA
425,2402,222904,21884368,3494298,0001,AA
425,2402,222905,21884378,3494298,0001,AA
425,2402,222906,21884379,3494298,0001,AA
425,2402,222907,21884376,3494298,0001,AA
425,2402,222908,21884369,3494298,0001,AA
425,2402,222909,21884383,3494298,0001,AA
425,2402,222910,21884380,3494298,0001,AA
425,2402,222911,21884377,3494298,0001,AA
425,2402,222912,21884370,3494298,0001,AA
425,2402,222913,21884381,3494298,0001,AA
425,2401,313685,21851858,3488471,0001,AA
425,2401,313686,21851859,3488471,0001,AA
425,2401,313687,21852064,3488471,0001,AA
425,2401,313688,21851860,3488471,0001,AA
425,2401,313689,21852065,3488471,0001,AA
425,2401,313690,21852066,3488471,0001,AA
425,2401,313691,21851861,3488471,0001,AA
425,2401,313692,21851862,3488471,0001,AA
425,2401,313693,21851863,3488471,0001,AA
425,2401,313694,21852067,3488471,0001,AA
425,2401,313695,21852068,3488471,0001,AA
425,2401,313696,21852069,3488471,0001,AA
425,2401,313697,21851864,3488471,0001,AA
425,2401,313698,21851865,3488471,0001,AA
425,1422,207743,21884374,3463897,0001,AA
425,1422,207744,21884366,3463897,0001,AA
425,1422,207745,21884367,3463897,0001,AA
425,1422,207746,21884365,3463897,0001,AA
425,1422,207747,21884375,3463897,0001,AA
425,1422,207748,21884371,3463897,0001,AA
425,1422,207749,21884372,3463897,0001,AA
425,1422,207750,21884373,3463897,0001,AA
425,1422,207751,21884382,3463897,0001,AA
425,1417,225435,21884356,3462673,0001,AA
425,1417,225436,21884357,3462673,0001,AA
425,1417,225437,21884362,3462673,0001,AA
425,1417,225438,21884352,3462673,0001,AA
425,1417,225439,21884363,3462673,0001,AA
425,1417,225440,21884354,3462673,0001,AA
425,1417,225441,21884355,3462673,0001,AA
425,1417,225442,21884353,3462673,0001,AA
425,1417,225443,21884358,3462673,0001,AA
425,1417,225444,21884364,3462673,0001,AA
425,1415,108869,21884103,3464861,0001,AA
425,1415,108870,21884090,3464861,0001,AA
425,1415,108871,21884104,3464861,0001,AA
425,1415,108872,21884091,3464861,0001,AA
425,1415,108873,21884092,3464861,0001,AA
425,1415,108874,21884093,3464861,0001,AA
425,1414,37978,21884480,3458330,0001,AA
425,1414,37979,21884479,3458330,0001,AA
425,1414,37980,21884481,3458330,0001,AA
425,1413,134337,21883830,3469823,0001,AA
425,1413,134338,21883839,3469823,0001,AA
425,1413,134339,21883840,3469823,0001,AA
425,1413,134340,21883841,3469823,0001,AA
425,1413,134341,21883842,3469823,0001,AA
425,1413,134342,21883826,3469823,0001,AA
425,1413,134343,21883827,3469823,0001,AA
425,1412,434887,21884305,3470847,0001,AA
425,1412,434888,21884306,3470847,0001,AA
425,1412,434889,21884307,3470847,0001,AA
425,1412,434890,21884308,3470847,0001,AA
425,1412,434891,21884309,3470847,0001,AA
425,1412,434892,21884310,3470847,0001,AA
425,1412,434893,21884311,3470847,0001,AA
425,1412,434894,21884312,3470847,0001,AA
425,1412,434895,21884313,3470847,0001,AA
425,1412,434896,21884314,3470847,0001,AA
425,1412,434897,21884315,3470847,0001,AA
425,1412,434898,21884316,3470847,0001,AA
425,1412,434899,21884317,3470847,0001,AA
425,1412,434900,21884318,3470847,0001,AA
425,1412,434901,21884319,3470847,0001,AA
425,1412,434902,21884320,3470847,0001,AA
425,1412,434903,21884321,3470847,0001,AA
425,1412,434904,21884322,3470847,0001,AA
425,1412,434905,21884323,3470847,0001,AA
425,1412,434906,21884324,3470847,0001,AA
425,1410,87502,21883889,1475301,0001,AA
425,1410,87503,21883945,1475301,0001,AA
425,1410,87504,21883967,1475301,0001,AA
425,1410,87505,21883968,1475301,0001,AA
425,1410,87506,21883947,1475301,0001,AA
425,1408,243654,21884325,3465864,0001,AA
425,1408,243655,21884326,3465864,0001,AA
425,1408,243656,21884329,3465864,0001,AA
425,1408,243657,21884330,3465864,0001,AA
425,1408,243658,21884327,3465864,0001,AA
425,1408,243659,21884331,3465864,0001,AA
425,1408,243660,21884335,3465864,0001,AA
425,1408,243661,21884341,3465864,0001,AA
425,1408,243662,21884336,3465864,0001,AA
425,1408,243663,21884337,3465864,0001,AA
425,1405,385158,21884928,3470107,0001,AA
425,1405,385159,21884929,3470107,0001,AA
425,1405,385160,21884930,3470107,0001,AA
425,1405,385161,21884931,3470107,0001,AA
425,1405,385162,21884932,3470107,0001,AA
425,1405,385163,21884933,3470107,0001,AA
425,1405,385164,21884934,3470107,0001,AA
425,1405,385165,21884935,3470107,0001,AA
425,1405,385166,21884936,3470107,0001,AA
425,1405,385167,21884937,3470107,0001,AA
425,1405,385168,21884938,3470107,0001,AA
425,1405,385169,21884939,3470107,0001,AA
425,1405,385170,21884940,3470107,0001,AA
425,1405,385171,21884941,3470107,0001,AA
425,1405,385172,21884942,3470107,0001,AA
425,1405,385173,21884943,3470107,0001,AA
425,1405,385174,21884944,3470107,0001,AA
425,1405,385175,21884945,3470107,0001,AA
425,1405,385176,21884946,3470107,0001,AA
425,1147,195151,21884175,3457457,0001,AA
425,1147,195152,21884169,3457457,0001,AA
425,1147,195153,21884170,3457457,0001,AA
425,1147,195154,21884171,3457457,0001,AA
425,1147,195155,21884159,3457457,0001,AA
425,1147,195156,21884160,3457457,0001,AA
425,1147,195157,21884176,3457457,0001,AA
425,1147,195158,21884177,3457457,0001,AA
425,1147,195159,21884178,3457457,0001,AA
425,1147,195160,21884179,3457457,0001,AA
425,1147,195161,21884180,3457457,0001,AA
425,1147,195162,21884161,3457457,0001,AA
425,1146,88106,21884215,3451061,0001,AA
425,1146,88107,21884216,3451061,0001,AA
425,1146,88108,21884217,3451061,0001,AA
425,1146,88109,21884212,3451061,0001,AA
425,1146,88110,21884213,3451061,0001,AA
425,1146,88111,21884214,3451061,0001,AA
425,1146,88112,21884218,3451061,0001,AA
425,1144,96492,21884415,3444133,0001,AA
425,1144,96493,21884411,3444133,0001,AA
425,1144,96494,21884414,3444133,0001,AA
425,1144,96495,21884417,3444133,0001,AA
425,1144,96496,21884418,3444133,0001,AA
425,1144,96497,21884419,3444133,0001,AA
425,1144,96498,21884412,3444133,0001,AA
425,1144,96499,21884416,3444133,0001,AA
425,1142,192632,21885196,3445430,0001,AA
425,1142,192633,21885197,3445430,0001,AA
425,1142,192634,21885198,3445430,0001,AA
425,1142,192635,21885199,3445430,0001,AA
425,1142,192636,21885200,3445430,0001,AA
425,1142,192637,21885201,3445430,0001,AA
425,1142,192638,21885202,3445430,0001,AA
425,1142,192639,21885203,3445430,0001,AA
425,1142,192640,21885204,3445430,0001,AA
425,1142,192641,21885205,3445430,0001,AA
425,1137,153137,21884303,3445660,0001,AA
425,1137,153138,21884298,3445660,0001,AA
425,1137,153139,21884299,3445660,0001,AA
425,1137,153140,21884295,3445660,0001,AA
425,1137,153141,21884296,3445660,0001,AA
425,1137,153142,21884304,3445660,0001,AA
425,1137,153143,21884297,3445660,0001,AA
425,1137,153144,21884300,3445660,0001,AA
425,1136,288252,21884999,1589526,0001,AA
425,1136,288253,21885000,1589526,0001,AA
425,1136,288254,21885001,1589526,0001,AA
425,1136,288255,21885002,1589526,0001,AA
425,1136,288256,21885003,1589526,0001,AA
425,1136,288257,21885004,1589526,0001,AA
425,1136,288258,21885005,1589526,0001,AA
425,1136,288259,21885006,1589526,0001,AA
425,1136,288260,21885007,1589526,0001,AA
425,1136,288261,21885008,1589526,0001,AA
425,1136,288262,21885009,1589526,0001,AA
425,1136,288263,21885010,1589526,0001,AA
